,City,Lat,Lng,1,2,3,4,5,6,7,8,9,10,11,12,13,14,15,16,17,18,19,20,21,22,23,24,25,26,27,28,29,30,31,32,33,34,35,36,37,38,39,40,41,42,43,44,45,46,47,48,49,50,51,52
0,Angra dos Reis,-23.0063966,-44.316326,40,80,120,160,200,240,280,320,360,400,440,480,520,560,600,640,680,720,760,800,840,880,920,960,1000,1040,1080,1120,1160,1200,1240,1280,1320,1360,1400,1440,1480,1520,1560,1600,1640,1680,1720,1760,1800,1840,1880,1920,1960,2000,2040,2080
1,Aperibé,-21.6211928,-42.1028167,12,13,14,15,16,17,18,19,20,21,22,23,24,25,26,27,28,29,30,31,32,33,34,35,36,37,38,39,40,41,42,43,44,45,46,47,48,49,50,51,52,53,54,55,56,57,58,59,60,61,62,63
2,Araruama,-22.8733203,-42.3428897,40,80,120,160,200,240,280,320,360,400,440,480,520,560,600,640,680,720,760,800,840,880,920,960,1000,1040,1080,1120,1160,1200,1240,1280,1320,1360,1400,1440,1480,1520,1560,1600,1640,1680,1720,1760,1800,1840,1880,1920,1960,2000,2040,2080
3,Areal,-22.2314922,-43.1056264,12,13,14,15,16,17,18,19,20,21,22,23,24,25,26,27,28,29,30,31,32,33,34,35,36,37,38,39,40,41,42,43,44,45,46,47,48,49,50,51,52,53,54,55,56,57,58,59,60,61,62,63
4,Armação dos Búzios,-22.7597805,-41.8875267,40,80,120,160,200,240,280,320,360,400,440,480,520,560,600,640,680,720,760,800,840,880,920,960,1000,1040,1080,1120,1160,1200,1240,1280,1320,1360,1400,1440,1480,1520,1560,1600,1640,1680,1720,1760,1800,1840,1880,1920,1960,2000,2040,2080
5,Arraial do Cabo,-22.9662839,-42.024427,40,80,120,160,200,240,280,320,360,400,440,480,520,560,600,640,680,720,760,800,840,880,920,960,1000,1040,1080,1120,1160,1200,1240,1280,1320,1360,1400,1440,1480,1520,1560,1600,1640,1680,1720,1760,1800,1840,1880,1920,1960,2000,2040,2080
6,Barra do Piraí,-22.4703403,-43.8263256,40,80,120,160,200,240,280,320,360,400,440,480,520,560,600,640,680,720,760,800,840,880,920,960,1000,1040,1080,1120,1160,1200,1240,1280,1320,1360,1400,1440,1480,1520,1560,1600,1640,1680,1720,1760,1800,1840,1880,1920,1960,2000,2040,2080
7,Barra Mansa,-22.5394843,-44.1735129,40,80,120,160,200,240,280,320,360,400,440,480,520,560,600,640,680,720,760,800,840,880,920,960,1000,1040,1080,1120,1160,1200,1240,1280,1320,1360,1400,1440,1480,1520,1560,1600,1640,1680,1720,1760,1800,1840,1880,1920,1960,2000,2040,2080
8,Belford Roxo,-22.7667284,-43.4033603,40,80,120,160,200,240,280,320,360,400,440,480,520,560,600,640,680,720,760,800,840,880,920,960,1000,1040,1080,1120,1160,1200,1240,1280,1320,1360,1400,1440,1480,1520,1560,1600,1640,1680,1720,1760,1800,1840,1880,1920,1960,2000,2040,2080
9,Bom Jardim,-22.1515328,-42.4186683,12,13,14,15,16,17,18,19,20,21,22,23,24,25,26,27,28,29,30,31,32,33,34,35,36,37,38,39,40,41,42,43,44,45,46,47,48,49,50,51,52,53,54,55,56,57,58,59,60,61,62,63
10,Bom Jesus do Itabapoana,-21.1341025,-41.680095,12,13,14,15,16,17,18,19,20,21,22,23,24,25,26,27,28,29,30,31,32,33,34,35,36,37,38,39,40,41,42,43,44,45,46,47,48,49,50,51,52,53,54,55,56,57,58,59,60,61,62,63
11,Cabo Frio,-22.8804369,-42.0189227,40,80,120,160,200,240,280,320,360,400,440,480,520,560,600,640,680,720,760,800,840,880,920,960,1000,1040,1080,1120,1160,1200,1240,1280,1320,1360,1400,1440,1480,1520,1560,1600,1640,1680,1720,1760,1800,1840,1880,1920,1960,2000,2040,2080
12,Cachoeiras de Macacu,-22.4626861,-42.6534414,40,80,120,160,200,240,280,320,360,400,440,480,520,560,600,640,680,720,760,800,840,880,920,960,1000,1040,1080,1120,1160,1200,1240,1280,1320,1360,1400,1440,1480,1520,1560,1600,1640,1680,1720,1760,1800,1840,1880,1920,1960,2000,2040,2080
13,Cambuci,-21.5749919,-41.9107833,12,13,14,15,16,17,18,19,20,21,22,23,24,25,26,27,28,29,30,31,32,33,34,35,36,37,38,39,40,41,42,43,44,45,46,47,48,49,50,51,52,53,54,55,56,57,58,59,60,61,62,63
14,Carapebus,-22.2033,-41.6625,12,13,14,15,16,17,18,19,20,21,22,23,24,25,26,27,28,29,30,31,32,33,34,35,36,37,38,39,40,41,42,43,44,45,46,47,48,49,50,51,52,53,54,55,56,57,58,59,60,61,62,63
15,Comendador Levy Gasparian,-22.0427,-43.2083,12,13,14,15,16,17,18,19,20,21,22,23,24,25,26,27,28,29,30,31,32,33,34,35,36,37,38,39,40,41,42,43,44,45,46,47,48,49,50,51,52,53,54,55,56,57,58,59,60,61,62,63
16,Campos dos Goytacazes,-21.7545,-41.3244,12,13,14,15,16,17,18,19,20,21,22,23,24,25,26,27,28,29,30,31,32,33,34,35,36,37,38,39,40,41,42,43,44,45,46,47,48,49,50,51,52,53,54,55,56,57,58,59,60,61,62,63
17,Cantagalo,-21.982,-42.3679,12,13,14,15,16,17,18,19,20,21,22,23,24,25,26,27,28,29,30,31,32,33,34,35,36,37,38,39,40,41,42,43,44,45,46,47,48,49,50,51,52,53,54,55,56,57,58,59,60,61,62,63
18,Cardoso Moreira,-21.488285,-41.7578,12,13,14,15,16,17,18,19,20,21,22,23,24,25,26,27,28,29,30,31,32,33,34,35,36,37,38,39,40,41,42,43,44,45,46,47,48,49,50,51,52,53,54,55,56,57,58,59,60,61,62,63
19,Carmo,-21.9239,-42.6149,12,13,14,15,16,17,18,19,20,21,22,23,24,25,26,27,28,29,30,31,32,33,34,35,36,37,38,39,40,41,42,43,44,45,46,47,48,49,50,51,52,53,54,55,56,57,58,59,60,61,62,63
20,Casimiro de Abreu,-22.4849,-42.2013,40,80,120,160,200,240,280,320,360,400,440,480,520,560,600,640,680,720,760,800,840,880,920,960,1000,1040,1080,1120,1160,1200,1240,1280,1320,1360,1400,1440,1480,1520,1560,1600,1640,1680,1720,1760,1800,1840,1880,1920,1960,2000,2040,2080
21,Conceição de Macabu,-22.0849986,-41.8679947,12,13,14,15,16,17,18,19,20,21,22,23,24,25,26,27,28,29,30,31,32,33,34,35,36,37,38,39,40,41,42,43,44,45,46,47,48,49,50,51,52,53,54,55,56,57,58,59,60,61,62,63
22,Cordeiro,-22.0287681,-42.3607442,12,13,14,15,16,17,18,19,20,21,22,23,24,25,26,27,28,29,30,31,32,33,34,35,36,37,38,39,40,41,42,43,44,45,46,47,48,49,50,51,52,53,54,55,56,57,58,59,60,61,62,63
23,Duas Barras,-22.0522519,-42.5194705,12,13,14,15,16,17,18,19,20,21,22,23,24,25,26,27,28,29,30,31,32,33,34,35,36,37,38,39,40,41,42,43,44,45,46,47,48,49,50,51,52,53,54,55,56,57,58,59,60,61,62,63
24,Duque de Caxias,-22.7896225,-43.309929,40,80,120,160,200,240,280,320,360,400,440,480,520,560,600,640,680,720,760,800,840,880,920,960,1000,1040,1080,1120,1160,1200,1240,1280,1320,1360,1400,1440,1480,1520,1560,1600,1640,1680,1720,1760,1800,1840,1880,1920,1960,2000,2040,2080
25,Engenheiro Paulo de Frontin,-22.5504556,-43.6783403,40,80,120,160,200,240,280,320,360,400,440,480,520,560,600,640,680,720,760,800,840,880,920,960,1000,1040,1080,1120,1160,1200,1240,1280,1320,1360,1400,1440,1480,1520,1560,1600,1640,1680,1720,1760,1800,1840,1880,1920,1960,2000,2040,2080
26,Guapimirim,-22.5266308,-42.9790687,40,80,120,160,200,240,280,320,360,400,440,480,520,560,600,640,680,720,760,800,840,880,920,960,1000,1040,1080,1120,1160,1200,1240,1280,1320,1360,1400,1440,1480,1520,1560,1600,1640,1680,1720,1760,1800,1840,1880,1920,1960,2000,2040,2080
27,Iguaba Grande,-22.8388498,-42.2286746,40,80,120,160,200,240,280,320,360,400,440,480,520,560,600,640,680,720,760,800,840,880,920,960,1000,1040,1080,1120,1160,1200,1240,1280,1320,1360,1400,1440,1480,1520,1560,1600,1640,1680,1720,1760,1800,1840,1880,1920,1960,2000,2040,2080
28,Itaboraí,-22.7496231,-42.8557428,40,80,120,160,200,240,280,320,360,400,440,480,520,560,600,640,680,720,760,800,840,880,920,960,1000,1040,1080,1120,1160,1200,1240,1280,1320,1360,1400,1440,1480,1520,1560,1600,1640,1680,1720,1760,1800,1840,1880,1920,1960,2000,2040,2080
29,Itaguaí,-22.8629597,-43.775322,40,80,120,160,200,240,280,320,360,400,440,480,520,560,600,640,680,720,760,800,840,880,920,960,1000,1040,1080,1120,1160,1200,1240,1280,1320,1360,1400,1440,1480,1520,1560,1600,1640,1680,1720,1760,1800,1840,1880,1920,1960,2000,2040,2080
30,Italva,-21.4214056,-41.6907956,12,13,14,15,16,17,18,19,20,21,22,23,24,25,26,27,28,29,30,31,32,33,34,35,36,37,38,39,40,41,42,43,44,45,46,47,48,49,50,51,52,53,54,55,56,57,58,59,60,61,62,63
31,Itaocara,-21.6725236,-42.0798658,12,13,14,15,16,17,18,19,20,21,22,23,24,25,26,27,28,29,30,31,32,33,34,35,36,37,38,39,40,41,42,43,44,45,46,47,48,49,50,51,52,53,54,55,56,57,58,59,60,61,62,63
32,Itaperuna,-21.2048,-41.88801,12,13,14,15,16,17,18,19,20,21,22,23,24,25,26,27,28,29,30,31,32,33,34,35,36,37,38,39,40,41,42,43,44,45,46,47,48,49,50,51,52,53,54,55,56,57,58,59,60,61,62,63
33,Itatiaia,-22.4955278,-44.5633108,40,80,120,160,200,240,280,320,360,400,440,480,520,560,600,640,680,720,760,800,840,880,920,960,1000,1040,1080,1120,1160,1200,1240,1280,1320,1360,1400,1440,1480,1520,1560,1600,1640,1680,1720,1760,1800,1840,1880,1920,1960,2000,2040,2080
34,Japeri,-22.6427642,-43.6533831,40,80,120,160,200,240,280,320,360,400,440,480,520,560,600,640,680,720,760,800,840,880,920,960,1000,1040,1080,1120,1160,1200,1240,1280,1320,1360,1400,1440,1480,1520,1560,1600,1640,1680,1720,1760,1800,1840,1880,1920,1960,2000,2040,2080
35,Laje do Muriaé,-21.2082595,-42.1226959,12,13,14,15,16,17,18,19,20,21,22,23,24,25,26,27,28,29,30,31,32,33,34,35,36,37,38,39,40,41,42,43,44,45,46,47,48,49,50,51,52,53,54,55,56,57,58,59,60,61,62,63
36,Macaé,-22.3712958,-41.7866922,40,80,120,160,200,240,280,320,360,400,440,480,520,560,600,640,680,720,760,800,840,880,920,960,1000,1040,1080,1120,1160,1200,1240,1280,1320,1360,1400,1440,1480,1520,1560,1600,1640,1680,1720,1760,1800,1840,1880,1920,1960,2000,2040,2080
37,Macuco,-21.9849747,-42.2539464,12,13,14,15,16,17,18,19,20,21,22,23,24,25,26,27,28,29,30,31,32,33,34,35,36,37,38,39,40,41,42,43,44,45,46,47,48,49,50,51,52,53,54,55,56,57,58,59,60,61,62,63
38,Magé,-22.6604221,-43.0426162,40,80,120,160,200,240,280,320,360,400,440,480,520,560,600,640,680,720,760,800,840,880,920,960,1000,1040,1080,1120,1160,1200,1240,1280,1320,1360,1400,1440,1480,1520,1560,1600,1640,1680,1720,1760,1800,1840,1880,1920,1960,2000,2040,2080
39,Mangaratiba,-22.9600193,-44.04111,40,80,120,160,200,240,280,320,360,400,440,480,520,560,600,640,680,720,760,800,840,880,920,960,1000,1040,1080,1120,1160,1200,1240,1280,1320,1360,1400,1440,1480,1520,1560,1600,1640,1680,1720,1760,1800,1840,1880,1920,1960,2000,2040,2080
40,Maricá,-22.9196772,-42.8184375,40,80,120,160,200,240,280,320,360,400,440,480,520,560,600,640,680,720,760,800,840,880,920,960,1000,1040,1080,1120,1160,1200,1240,1280,1320,1360,1400,1440,1480,1520,1560,1600,1640,1680,1720,1760,1800,1840,1880,1920,1960,2000,2040,2080
41,Mendes,-22.5269113,-43.7332604,40,80,120,160,200,240,280,320,360,400,440,480,520,560,600,640,680,720,760,800,840,880,920,960,1000,1040,1080,1120,1160,1200,1240,1280,1320,1360,1400,1440,1480,1520,1560,1600,1640,1680,1720,1760,1800,1840,1880,1920,1960,2000,2040,2080
42,Mesquita,-22.783092,-43.4293599,40,80,120,160,200,240,280,320,360,400,440,480,520,560,600,640,680,720,760,800,840,880,920,960,1000,1040,1080,1120,1160,1200,1240,1280,1320,1360,1400,1440,1480,1520,1560,1600,1640,1680,1720,1760,1800,1840,1880,1920,1960,2000,2040,2080
43,Miguel Pereira,-22.4539417,-43.4691978,40,80,120,160,200,240,280,320,360,400,440,480,520,560,600,640,680,720,760,800,840,880,920,960,1000,1040,1080,1120,1160,1200,1240,1280,1320,1360,1400,1440,1480,1520,1560,1600,1640,1680,1720,1760,1800,1840,1880,1920,1960,2000,2040,2080
44,Miracema,-21.4123651,-42.1965147,12,13,14,15,16,17,18,19,20,21,22,23,24,25,26,27,28,29,30,31,32,33,34,35,36,37,38,39,40,41,42,43,44,45,46,47,48,49,50,51,52,53,54,55,56,57,58,59,60,61,62,63
45,Natividade,-21.040694,-41.9817534,12,13,14,15,16,17,18,19,20,21,22,23,24,25,26,27,28,29,30,31,32,33,34,35,36,37,38,39,40,41,42,43,44,45,46,47,48,49,50,51,52,53,54,55,56,57,58,59,60,61,62,63
46,Nilópolis,-22.8080114,-43.4138222,40,80,120,160,200,240,280,320,360,400,440,480,520,560,600,640,680,720,760,800,840,880,920,960,1000,1040,1080,1120,1160,1200,1240,1280,1320,1360,1400,1440,1480,1520,1560,1600,1640,1680,1720,1760,1800,1840,1880,1920,1960,2000,2040,2080
47,Niterói,-22.8832371,-43.1154552,40,80,120,160,200,240,280,320,360,400,440,480,520,560,600,640,680,720,760,800,840,880,920,960,1000,1040,1080,1120,1160,1200,1240,1280,1320,1360,1400,1440,1480,1520,1560,1600,1640,1680,1720,1760,1800,1840,1880,1920,1960,2000,2040,2080
48,Nova Friburgo,-22.2800004,-42.5325303,12,13,14,15,16,17,18,19,20,21,22,23,24,25,26,27,28,29,30,31,32,33,34,35,36,37,38,39,40,41,42,43,44,45,46,47,48,49,50,51,52,53,54,55,56,57,58,59,60,61,62,63
49,Nova Iguaçu,-22.7592175,-43.4508728,40,80,120,160,200,240,280,320,360,400,440,480,520,560,600,640,680,720,760,800,840,880,920,960,1000,1040,1080,1120,1160,1200,1240,1280,1320,1360,1400,1440,1480,1520,1560,1600,1640,1680,1720,1760,1800,1840,1880,1920,1960,2000,2040,2080
50,Paracambi,-22.6109158,-43.7096912,40,80,120,160,200,240,280,320,360,400,440,480,520,560,600,640,680,720,760,800,840,880,920,960,1000,1040,1080,1120,1160,1200,1240,1280,1320,1360,1400,1440,1480,1520,1560,1600,1640,1680,1720,1760,1800,1840,1880,1920,1960,2000,2040,2080
51,Paraíba do Sul,-22.1636384,-43.2916915,12,13,14,15,16,17,18,19,20,21,22,23,24,25,26,27,28,29,30,31,32,33,34,35,36,37,38,39,40,41,42,43,44,45,46,47,48,49,50,51,52,53,54,55,56,57,58,59,60,61,62,63
52,Parati,-23.2196461,-44.7154196,40,80,120,160,200,240,280,320,360,400,440,480,520,560,600,640,680,720,760,800,840,880,920,960,1000,1040,1080,1120,1160,1200,1240,1280,1320,1360,1400,1440,1480,1520,1560,1600,1640,1680,1720,1760,1800,1840,1880,1920,1960,2000,2040,2080
53,Paty do Alferes,-22.4272703,-43.4219523,40,80,120,160,200,240,280,320,360,400,440,480,520,560,600,640,680,720,760,800,840,880,920,960,1000,1040,1080,1120,1160,1200,1240,1280,1320,1360,1400,1440,1480,1520,1560,1600,1640,1680,1720,1760,1800,1840,1880,1920,1960,2000,2040,2080
54,Petrópolis,-22.5075743,-43.1785356,40,80,120,160,200,240,280,320,360,400,440,480,520,560,600,640,680,720,760,800,840,880,920,960,1000,1040,1080,1120,1160,1200,1240,1280,1320,1360,1400,1440,1480,1520,1560,1600,1640,1680,1720,1760,1800,1840,1880,1920,1960,2000,2040,2080
55,Pinheiral,-22.5129436,-44.001435,40,80,120,160,200,240,280,320,360,400,440,480,520,560,600,640,680,720,760,800,840,880,920,960,1000,1040,1080,1120,1160,1200,1240,1280,1320,1360,1400,1440,1480,1520,1560,1600,1640,1680,1720,1760,1800,1840,1880,1920,1960,2000,2040,2080
56,Piraí,-22.6287489,-43.8981758,40,80,120,160,200,240,280,320,360,400,440,480,520,560,600,640,680,720,760,800,840,880,920,960,1000,1040,1080,1120,1160,1200,1240,1280,1320,1360,1400,1440,1480,1520,1560,1600,1640,1680,1720,1760,1800,1840,1880,1920,1960,2000,2040,2080
57,Porciúncula,-20.9627278,-42.0405703,12,13,14,15,16,17,18,19,20,21,22,23,24,25,26,27,28,29,30,31,32,33,34,35,36,37,38,39,40,41,42,43,44,45,46,47,48,49,50,51,52,53,54,55,56,57,58,59,60,61,62,63
58,Porto Real,-22.4198366,-44.2897974,40,80,120,160,200,240,280,320,360,400,440,480,520,560,600,640,680,720,760,800,840,880,920,960,1000,1040,1080,1120,1160,1200,1240,1280,1320,1360,1400,1440,1480,1520,1560,1600,1640,1680,1720,1760,1800,1840,1880,1920,1960,2000,2040,2080
59,Quatis,-22.4066444,-44.2577453,40,80,120,160,200,240,280,320,360,400,440,480,520,560,600,640,680,720,760,800,840,880,920,960,1000,1040,1080,1120,1160,1200,1240,1280,1320,1360,1400,1440,1480,1520,1560,1600,1640,1680,1720,1760,1800,1840,1880,1920,1960,2000,2040,2080
60,Queimados,-22.7156978,-43.555754,40,80,120,160,200,240,280,320,360,400,440,480,520,560,600,640,680,720,760,800,840,880,920,960,1000,1040,1080,1120,1160,1200,1240,1280,1320,1360,1400,1440,1480,1520,1560,1600,1640,1680,1720,1760,1800,1840,1880,1920,1960,2000,2040,2080
61,Quissamã,-22.107205,-41.4723411,12,13,14,15,16,17,18,19,20,21,22,23,24,25,26,27,28,29,30,31,32,33,34,35,36,37,38,39,40,41,42,43,44,45,46,47,48,49,50,51,52,53,54,55,56,57,58,59,60,61,62,63
62,Resende,-22.4683626,-44.4463494,40,80,120,160,200,240,280,320,360,400,440,480,520,560,600,640,680,720,760,800,840,880,920,960,1000,1040,1080,1120,1160,1200,1240,1280,1320,1360,1400,1440,1480,1520,1560,1600,1640,1680,1720,1760,1800,1840,1880,1920,1960,2000,2040,2080
63,Rio Bonito,-22.7108378,-42.6271864,40,80,120,160,200,240,280,320,360,400,440,480,520,560,600,640,680,720,760,800,840,880,920,960,1000,1040,1080,1120,1160,1200,1240,1280,1320,1360,1400,1440,1480,1520,1560,1600,1640,1680,1720,1760,1800,1840,1880,1920,1960,2000,2040,2080
64,Rio Claro,-22.7229997,-44.1359986,40,80,120,160,200,240,280,320,360,400,440,480,520,560,600,640,680,720,760,800,840,880,920,960,1000,1040,1080,1120,1160,1200,1240,1280,1320,1360,1400,1440,1480,1520,1560,1600,1640,1680,1720,1760,1800,1840,1880,1920,1960,2000,2040,2080
65,Rio das Flores,-22.1683478,-43.5858689,12,13,14,15,16,17,18,19,20,21,22,23,24,25,26,27,28,29,30,31,32,33,34,35,36,37,38,39,40,41,42,43,44,45,46,47,48,49,50,51,52,53,54,55,56,57,58,59,60,61,62,63
66,Rio das Ostras,-22.5269448,-41.944972,40,80,120,160,200,240,280,320,360,400,440,480,520,560,600,640,680,720,760,800,840,880,920,960,1000,1040,1080,1120,1160,1200,1240,1280,1320,1360,1400,1440,1480,1520,1560,1600,1640,1680,1720,1760,1800,1840,1880,1920,1960,2000,2040,2080
67,Rio de Janeiro,-22.9110137,-43.2093727,40,80,120,160,200,240,280,320,360,400,440,480,520,560,600,640,680,720,760,800,840,880,920,960,1000,1040,1080,1120,1160,1200,1240,1280,1320,1360,1400,1440,1480,1520,1560,1600,1640,1680,1720,1760,1800,1840,1880,1920,1960,2000,2040,2080
68,Santa Maria Madalena,-21.9557957,-42.008283,12,13,14,15,16,17,18,19,20,21,22,23,24,25,26,27,28,29,30,31,32,33,34,35,36,37,38,39,40,41,42,43,44,45,46,47,48,49,50,51,52,53,54,55,56,57,58,59,60,61,62,63
69,Santo Antônio de Pádua,-21.5389992,-42.1799978,12,13,14,15,16,17,18,19,20,21,22,23,24,25,26,27,28,29,30,31,32,33,34,35,36,37,38,39,40,41,42,43,44,45,46,47,48,49,50,51,52,53,54,55,56,57,58,59,60,61,62,63
70,São Francisco de Itabapoana,-21.47437,-41.1202,12,13,14,15,16,17,18,19,20,21,22,23,24,25,26,27,28,29,30,31,32,33,34,35,36,37,38,39,40,41,42,43,44,45,46,47,48,49,50,51,52,53,54,55,56,57,58,59,60,61,62,63
71,São Fidélis,-21.6431,-41.7578,12,13,14,15,16,17,18,19,20,21,22,23,24,25,26,27,28,29,30,31,32,33,34,35,36,37,38,39,40,41,42,43,44,45,46,47,48,49,50,51,52,53,54,55,56,57,58,59,60,61,62,63
72,São Gonçalo,-22.8219014,-43.0309252,40,80,120,160,200,240,280,320,360,400,440,480,520,560,600,640,680,720,760,800,840,880,920,960,1000,1040,1080,1120,1160,1200,1240,1280,1320,1360,1400,1440,1480,1520,1560,1600,1640,1680,1720,1760,1800,1840,1880,1920,1960,2000,2040,2080
73,São João da Barra,-21.6348588,-41.0487079,12,13,14,15,16,17,18,19,20,21,22,23,24,25,26,27,28,29,30,31,32,33,34,35,36,37,38,39,40,41,42,43,44,45,46,47,48,49,50,51,52,53,54,55,56,57,58,59,60,61,62,63
74,São João de Meriti,-22.8043744,-43.3724125,40,80,120,160,200,240,280,320,360,400,440,480,520,560,600,640,680,720,760,800,840,880,920,960,1000,1040,1080,1120,1160,1200,1240,1280,1320,1360,1400,1440,1480,1520,1560,1600,1640,1680,1720,1760,1800,1840,1880,1920,1960,2000,2040,2080
75,São José de Ubá,-21.3595365,-41.9389905,12,13,14,15,16,17,18,19,20,21,22,23,24,25,26,27,28,29,30,31,32,33,34,35,36,37,38,39,40,41,42,43,44,45,46,47,48,49,50,51,52,53,54,55,56,57,58,59,60,61,62,63
76,São José do Vale do Rio Preto,-22.1509994,-42.9239986,12,13,14,15,16,17,18,19,20,21,22,23,24,25,26,27,28,29,30,31,32,33,34,35,36,37,38,39,40,41,42,43,44,45,46,47,48,49,50,51,52,53,54,55,56,57,58,59,60,61,62,63
77,São Pedro da Aldeia,-22.8362,-42.1037,40,80,120,160,200,240,280,320,360,400,440,480,520,560,600,640,680,720,760,800,840,880,920,960,1000,1040,1080,1120,1160,1200,1240,1280,1320,1360,1400,1440,1480,1520,1560,1600,1640,1680,1720,1760,1800,1840,1880,1920,1960,2000,2040,2080
78,São Sebastião do Alto,-21.9568272,-42.134815,12,13,14,15,16,17,18,19,20,21,22,23,24,25,26,27,28,29,30,31,32,33,34,35,36,37,38,39,40,41,42,43,44,45,46,47,48,49,50,51,52,53,54,55,56,57,58,59,60,61,62,63
79,Sapucaia,-21.9946569,-42.9137975,12,13,14,15,16,17,18,19,20,21,22,23,24,25,26,27,28,29,30,31,32,33,34,35,36,37,38,39,40,41,42,43,44,45,46,47,48,49,50,51,52,53,54,55,56,57,58,59,60,61,62,63
80,Saquarema,-22.9257974,-42.507633,40,80,120,160,200,240,280,320,360,400,440,480,520,560,600,640,680,720,760,800,840,880,920,960,1000,1040,1080,1120,1160,1200,1240,1280,1320,1360,1400,1440,1480,1520,1560,1600,1640,1680,1720,1760,1800,1840,1880,1920,1960,2000,2040,2080
81,Seropédica,-22.7438887,-43.6991998,40,80,120,160,200,240,280,320,360,400,440,480,520,560,600,640,680,720,760,800,840,880,920,960,1000,1040,1080,1120,1160,1200,1240,1280,1320,1360,1400,1440,1480,1520,1560,1600,1640,1680,1720,1760,1800,1840,1880,1920,1960,2000,2040,2080
82,Silva Jardim,-22.6504534,-42.3919146,40,80,120,160,200,240,280,320,360,400,440,480,520,560,600,640,680,720,760,800,840,880,920,960,1000,1040,1080,1120,1160,1200,1240,1280,1320,1360,1400,1440,1480,1520,1560,1600,1640,1680,1720,1760,1800,1840,1880,1920,1960,2000,2040,2080
83,Sumidouro,-22.0498059,-42.6742601,12,13,14,15,16,17,18,19,20,21,22,23,24,25,26,27,28,29,30,31,32,33,34,35,36,37,38,39,40,41,42,43,44,45,46,47,48,49,50,51,52,53,54,55,56,57,58,59,60,61,62,63
84,Tanguá,-22.7353777,-42.7202272,40,80,120,160,200,240,280,320,360,400,440,480,520,560,600,640,680,720,760,800,840,880,920,960,1000,1040,1080,1120,1160,1200,1240,1280,1320,1360,1400,1440,1480,1520,1560,1600,1640,1680,1720,1760,1800,1840,1880,1920,1960,2000,2040,2080
85,Teresópolis,-22.4164578,-42.975194,40,80,120,160,200,240,280,320,360,400,440,480,520,560,600,640,680,720,760,800,840,880,920,960,1000,1040,1080,1120,1160,1200,1240,1280,1320,1360,1400,1440,1480,1520,1560,1600,1640,1680,1720,1760,1800,1840,1880,1920,1960,2000,2040,2080
86,Trajano de Moraes,-22.0637911,-42.0644414,12,13,14,15,16,17,18,19,20,21,22,23,24,25,26,27,28,29,30,31,32,33,34,35,36,37,38,39,40,41,42,43,44,45,46,47,48,49,50,51,52,53,54,55,56,57,58,59,60,61,62,63
87,Três Rios,-22.1167884,-43.2087226,12,13,14,15,16,17,18,19,20,21,22,23,24,25,26,27,28,29,30,31,32,33,34,35,36,37,38,39,40,41,42,43,44,45,46,47,48,49,50,51,52,53,54,55,56,57,58,59,60,61,62,63
88,Valença,-22.2461028,-43.6996917,12,13,14,15,16,17,18,19,20,21,22,23,24,25,26,27,28,29,30,31,32,33,34,35,36,37,38,39,40,41,42,43,44,45,46,47,48,49,50,51,52,53,54,55,56,57,58,59,60,61,62,63
89,Varre-Sai,-20.9308869,-41.8685772,12,13,14,15,16,17,18,19,20,21,22,23,24,25,26,27,28,29,30,31,32,33,34,35,36,37,38,39,40,41,42,43,44,45,46,47,48,49,50,51,52,53,54,55,56,57,58,59,60,61,62,63
90,Vassouras,-22.4040394,-43.6633853,40,80,120,160,200,240,280,320,360,400,440,480,520,560,600,640,680,720,760,800,840,880,920,960,1000,1040,1080,1120,1160,1200,1240,1280,1320,1360,1400,1440,1480,1520,1560,1600,1640,1680,1720,1760,1800,1840,1880,1920,1960,2000,2040,2080
91,Volta Redonda,-22.5225497,-44.1040128,40,80,120,160,200,240,280,320,360,400,440,480,520,560,600,640,680,720,760,800,840,880,920,960,1000,1040,1080,1120,1160,1200,1240,1280,1320,1360,1400,1440,1480,1520,1560,1600,1640,1680,1720,1760,1800,1840,1880,1920,1960,2000,2040,2080
